transaction_id,timestamp,sender_account,receiver_account,amount,transaction_type,country
TRX-0003428,2026-03-03 21:27:09.497558,ACC-4303,ACC-3372,288.96,PAYMENT,SG
TRX-0030611,2026-02-17 09:58:09.534802,ACC-1349,ACC-7060,26.86,TRANSFER,US
TRX-0031641,2026-02-11 21:15:09.536820,ACC-1014,ACC-8314,50.98,TRANSFER,US
TRX-0032174,2026-02-19 06:42:09.536820,ACC-8589,ACC-6125,1.96,TRANSFER,US
TRX-0006093,2026-03-07 11:34:09.500707,ACC-1189,ACC-4947,40.17,CASH_OUT,KY
TRX-0018399,2026-03-09 09:45:09.518589,ACC-4735,ACC-5629,560.15,DEBIT,US
TRX-0048034,2026-02-18 06:50:09.558769,ACC-4821,ACC-8068,140.35,TRANSFER,US
TRX-0026565,2026-03-13 11:35:09.529192,ACC-2399,ACC-9950,152.12,TRANSFER,DE
TRX-0025945,2026-02-14 06:35:09.528179,ACC-9516,ACC-2985,116.06,DEBIT,US
TRX-0010071,2026-03-05 23:30:09.506400,ACC-4708,ACC-4173,27.81,TRANSFER,UK
TRX-0023309,2026-03-09 14:59:09.525160,ACC-9596,ACC-5832,11.05,DEBIT,PA
TRX-0009879,2026-03-07 00:28:09.506400,ACC-3739,ACC-5531,1937.33,TRANSFER,CA
TRX-0037383,2026-02-15 11:54:09.544401,ACC-3613,ACC-3879,83.66,TRANSFER,CA
TRX-0040215,2026-02-12 14:46:09.548431,ACC-7065,ACC-9480,4.28,TRANSFER,PA
TRX-0004853,2026-02-22 20:26:09.499675,ACC-7674,ACC-1448,185.55,CASH_OUT,US
TRX-0036902,2026-03-01 07:21:09.543400,ACC-2232,ACC-8787,160.97,DEBIT,CA
TRX-0037884,2026-02-20 22:04:09.545421,ACC-3866,ACC-3490,280.01,CASH_OUT,SG
TRX-0035369,2026-03-04 08:30:09.541344,ACC-5848,ACC-9823,35.78,CASH_IN,AU
TRX-0008180,2026-02-19 09:08:09.504391,ACC-9392,ACC-3005,1.15,CASH_OUT,US
TRX-0049045,2026-02-19 02:36:09.559900,ACC-8820,ACC-4552,244.56,TRANSFER,UK
TRX-0012056,2026-02-15 10:53:09.509389,ACC-8103,ACC-1204,18.99,CASH_OUT,SG
TRX-0020493,2026-02-21 08:19:09.521600,ACC-3119,ACC-2277,118.06,TRANSFER,FR
TRX-0008981,2026-02-12 06:37:09.505409,ACC-1444,ACC-4899,1157.06,TRANSFER,US
TRX-0014896,2026-02-20 21:11:09.513612,ACC-2974,ACC-4887,438.29,CASH_OUT,SG
TRX-0026229,2026-02-19 21:42:09.529192,ACC-9981,ACC-3398,40.08,TRANSFER,US
TRX-0045435,2026-02-27 14:41:09.555665,ACC-9785,ACC-1331,637.9,TRANSFER,US
TRX-0042978,2026-03-09 00:59:09.552417,ACC-2508,ACC-7736,92.67,DEBIT,US
TRX-0031488,2026-03-01 20:41:09.536820,ACC-6876,ACC-2872,24.4,CASH_IN,DE
TRX-0037678,2026-03-06 03:42:09.545421,ACC-5384,ACC-1928,44.81,PAYMENT,DE
TRX-0015388,2026-03-03 15:17:09.513612,ACC-9915,ACC-6763,171.22,TRANSFER,US
TRX-0007222,2026-03-05 16:24:09.502381,ACC-2629,ACC-9110,109.27,PAYMENT,US
TRX-0046073,2026-02-26 05:30:09.556664,ACC-7189,ACC-8187,6.39,PAYMENT,FR
TRX-0047104,2026-02-15 01:45:09.557769,ACC-7726,ACC-6065,88.39,TRANSFER,US
TRX-0014923,2026-02-14 03:46:09.513612,ACC-1094,ACC-6747,508.49,PAYMENT,UK
TRX-0021353,2026-03-06 21:26:09.522600,ACC-7274,ACC-8784,236.77,DEBIT,UK
TRX-0019824,2026-02-24 09:01:09.520608,ACC-2548,ACC-4649,38.72,DEBIT,CA
TRX-0028782,2026-03-13 14:42:09.532163,ACC-3722,ACC-6850,915.89,TRANSFER,US
TRX-0038349,2026-03-09 03:21:09.545421,ACC-2296,ACC-1847,126.01,CASH_OUT,AU
TRX-0039043,2026-03-12 08:32:09.546413,ACC-8309,ACC-3988,1515.26,CASH_IN,US
TRX-0004996,2026-02-18 10:54:09.500193,ACC-8984,ACC-8737,431.43,TRANSFER,US
TRX-0021191,2026-03-08 16:27:09.522600,ACC-6798,ACC-1231,157.25,TRANSFER,AE
TRX-0024468,2026-02-24 22:00:09.526455,ACC-9480,ACC-7282,9907.04,CASH_IN,UK
TRX-0004059,2026-02-17 09:49:09.498668,ACC-5172,ACC-2517,104.01,TRANSFER,UK
TRX-0033797,2026-03-06 19:27:09.539336,ACC-8379,ACC-3091,9.0,TRANSFER,US
TRX-0014693,2026-03-01 21:41:09.513612,ACC-1813,ACC-1391,632.16,TRANSFER,US
TRX-0000370,2026-03-08 12:40:09.493611,ACC-8100,ACC-2023,153.97,TRANSFER,UK
TRX-0038524,2026-02-20 14:42:09.546413,ACC-1690,ACC-7118,136.55,TRANSFER,SG
TRX-0004360,2026-02-27 12:25:09.498668,ACC-8826,ACC-8689,235.36,CASH_OUT,US
TRX-0047914,2026-02-28 14:11:09.558769,ACC-5488,ACC-3985,67.38,CASH_OUT,US
TRX-0032957,2026-02-22 07:15:09.538324,ACC-6267,ACC-7835,59.28,PAYMENT,US
TRX-0038642,2026-02-26 13:34:09.546413,ACC-8794,ACC-7434,459389.07,TRANSFER,PA
TRX-0005894,2026-03-08 01:18:09.500707,ACC-2842,ACC-8379,291.91,CASH_OUT,US
TRX-0046941,2026-02-14 02:58:09.557769,ACC-3000,ACC-3356,51.42,TRANSFER,US
TRX-0040673,2026-03-07 19:06:09.549440,ACC-6216,ACC-5633,397.6,CASH_IN,UK
TRX-0032204,2026-02-20 23:29:09.536820,ACC-8089,ACC-1863,46.29,CASH_IN,SG
TRX-0011768,2026-03-13 06:52:09.509389,ACC-9130,ACC-6550,150.06,TRANSFER,US
TRX-0034163,2026-03-01 17:56:09.540333,ACC-1756,ACC-2665,121893.69,TRANSFER,PA
TRX-0000860,2026-03-11 08:11:09.494384,ACC-9668,ACC-7648,201.22,CASH_IN,UK
TRX-0015955,2026-03-10 00:57:09.514725,ACC-8892,ACC-7157,381.4,CASH_OUT,CA
TRX-0043664,2026-02-22 03:07:09.553496,ACC-6261,ACC-8112,159.66,CASH_OUT,DE
TRX-0038588,2026-02-14 17:22:09.546413,ACC-9354,ACC-2777,336.88,CASH_IN,US
TRX-0039394,2026-02-12 05:08:09.547410,ACC-2920,ACC-3158,24.51,CASH_IN,US
TRX-0015874,2026-02-25 11:04:09.514725,ACC-2770,ACC-4856,623.98,CASH_IN,US
TRX-0045351,2026-03-04 13:44:09.555665,ACC-1856,ACC-9991,857.86,TRANSFER,CA
TRX-0028120,2026-03-06 03:23:09.531161,ACC-2728,ACC-5741,1193.22,TRANSFER,CA
TRX-0044819,2026-02-23 21:35:09.554505,ACC-8747,ACC-3082,38.51,PAYMENT,UK
TRX-0004681,2026-02-20 23:32:09.499675,ACC-9337,ACC-2154,62.51,TRANSFER,US
TRX-0020502,2026-02-25 02:39:09.521600,ACC-3476,ACC-6362,557.09,CASH_IN,US
TRX-0025588,2026-03-09 09:02:09.528179,ACC-1916,ACC-5752,9544.17,CASH_IN,US
TRX-0007460,2026-03-11 19:39:09.503392,ACC-5679,ACC-4113,59.83,TRANSFER,DE
TRX-0028388,2026-02-18 20:52:09.532163,ACC-2645,ACC-7392,43.71,CASH_IN,UK
TRX-0006629,2026-02-22 22:30:09.502381,ACC-5043,ACC-5230,287.17,CASH_IN,US
TRX-0008266,2026-03-12 21:13:09.504391,ACC-3356,ACC-7850,520.47,CASH_IN,PA
TRX-0019996,2026-02-27 19:19:09.520608,ACC-9262,ACC-6344,1171.51,TRANSFER,KY
TRX-0030872,2026-03-10 07:54:09.535819,ACC-3838,ACC-6368,245.39,TRANSFER,UK
TRX-0025950,2026-03-12 07:19:09.528179,ACC-8662,ACC-4160,27.71,TRANSFER,US
TRX-0014528,2026-03-03 01:53:09.513010,ACC-5365,ACC-7835,1113.56,TRANSFER,US
TRX-0038112,2026-02-13 06:57:09.545421,ACC-9940,ACC-7637,30.13,TRANSFER,US
TRX-0003255,2026-02-22 10:22:09.497558,ACC-1401,ACC-1878,87603.31,CASH_OUT,SG
TRX-0007983,2026-02-16 16:47:09.504391,ACC-6395,ACC-4422,2524.8,PAYMENT,US
TRX-0030260,2026-02-20 20:38:09.534802,ACC-9088,ACC-8321,47.95,TRANSFER,AU
TRX-0013282,2026-02-19 23:52:09.510408,ACC-6345,ACC-5644,178.08,TRANSFER,US
TRX-0031577,2026-03-02 03:26:09.536820,ACC-9000,ACC-7154,9.45,TRANSFER,US
TRX-0038432,2026-03-02 00:14:09.546413,ACC-4583,ACC-7305,373.29,TRANSFER,US
TRX-0010154,2026-03-05 10:22:09.507409,ACC-8211,ACC-6539,166.6,CASH_IN,US
TRX-0048941,2026-03-09 08:29:09.559900,ACC-2658,ACC-2514,89.66,TRANSFER,US
TRX-0011765,2026-03-05 21:09:09.509389,ACC-4003,ACC-4608,440.6,TRANSFER,US
TRX-0022032,2026-03-12 17:13:09.522600,ACC-6864,ACC-6180,270.95,DEBIT,CA
TRX-0040334,2026-03-01 06:33:09.548431,ACC-1511,ACC-4684,11.1,CASH_OUT,AE
TRX-0029766,2026-02-15 03:41:09.533797,ACC-4507,ACC-3725,1085.98,CASH_IN,DE
TRX-0027234,2026-02-15 08:59:09.530215,ACC-5450,ACC-8530,33.84,CASH_OUT,AE
TRX-0028253,2026-03-12 14:51:09.531161,ACC-1125,ACC-3885,287.53,CASH_OUT,US
TRX-0038935,2026-02-12 20:26:09.546413,ACC-8274,ACC-4295,52.05,TRANSFER,UK
TRX-0041358,2026-02-28 06:33:09.549440,ACC-1760,ACC-3922,372.08,PAYMENT,UK
TRX-0001933,2026-02-21 21:28:09.496022,ACC-6609,ACC-5008,126.61,TRANSFER,SG
TRX-0041392,2026-02-14 03:58:09.550436,ACC-2293,ACC-2650,1000000.0,TRANSFER,US
TRX-0005667,2026-03-06 04:26:09.500707,ACC-4202,ACC-3593,434.8,CASH_OUT,UK
TRX-0018370,2026-02-26 18:08:09.518589,ACC-2561,ACC-6528,22.61,PAYMENT,UK
TRX-0018630,2026-02-21 05:49:09.518589,ACC-2960,ACC-5471,140.69,CASH_OUT,US
TRX-0043885,2026-03-01 12:01:09.553496,ACC-1554,ACC-9885,595.15,TRANSFER,DE
TRX-0008428,2026-02-18 00:37:09.504391,ACC-6793,ACC-2218,10.29,TRANSFER,UK
TRX-0043615,2026-02-27 04:30:09.552417,ACC-1071,ACC-3751,418.91,CASH_IN,DE
TRX-0013429,2026-03-01 04:47:09.511913,ACC-2118,ACC-2046,142.58,TRANSFER,US
TRX-0041946,2026-03-05 17:04:09.550436,ACC-3172,ACC-6604,901.53,TRANSFER,DE
TRX-0028732,2026-03-07 09:26:09.532163,ACC-5110,ACC-6279,114.86,TRANSFER,US
TRX-0047595,2026-03-05 03:03:09.558769,ACC-3119,ACC-3543,43.18,CASH_IN,FR
TRX-0046628,2026-02-28 13:52:09.556664,ACC-5331,ACC-4191,70.77,CASH_IN,PA
TRX-0005550,2026-02-22 11:41:09.500707,ACC-2049,ACC-7696,34.5,TRANSFER,AE
TRX-0042692,2026-02-28 09:53:09.551436,ACC-5814,ACC-8036,742.19,CASH_OUT,US
TRX-0020309,2026-02-16 08:31:09.520608,ACC-6028,ACC-8489,675.33,TRANSFER,US
TRX-0032711,2026-02-26 07:21:09.538324,ACC-8279,ACC-6100,102.55,TRANSFER,CA
TRX-0023610,2026-03-03 14:41:09.525160,ACC-2760,ACC-5360,71.56,TRANSFER,AE
TRX-0024248,2026-03-05 03:21:09.526455,ACC-7276,ACC-5615,1308.27,CASH_OUT,KY
TRX-0009398,2026-03-06 03:04:09.506400,ACC-7646,ACC-7259,66.72,TRANSFER,SG
TRX-0019474,2026-03-12 01:44:09.519595,ACC-6610,ACC-6744,115.14,PAYMENT,US
TRX-0044565,2026-03-11 22:11:09.554505,ACC-5180,ACC-3536,232.06,CASH_OUT,UK
TRX-0001594,2026-02-17 15:11:09.495516,ACC-5975,ACC-8633,4.29,TRANSFER,SG
TRX-0029122,2026-03-07 01:51:09.533161,ACC-4343,ACC-5673,165.54,CASH_OUT,CA
TRX-0041021,2026-02-26 12:53:09.549440,ACC-7117,ACC-1957,2393.22,PAYMENT,US
TRX-0042488,2026-03-10 06:54:09.551436,ACC-3964,ACC-2135,250.92,DEBIT,AE
TRX-0034416,2026-03-02 21:21:09.540333,ACC-1018,ACC-4986,28.48,TRANSFER,CA
TRX-0007198,2026-02-16 00:27:09.502381,ACC-1988,ACC-5191,2128.64,TRANSFER,AE
TRX-0047925,2026-03-03 23:38:09.558769,ACC-7699,ACC-2403,47.92,CASH_IN,US
TRX-0017973,2026-03-01 12:47:09.517901,ACC-3928,ACC-4881,1387.44,TRANSFER,AU
TRX-0040567,2026-02-22 12:21:09.548431,ACC-9321,ACC-2301,6.27,CASH_OUT,US
TRX-0004032,2026-02-24 21:29:09.498668,ACC-7000,ACC-6508,26.4,TRANSFER,UK
TRX-0024789,2026-02-19 22:47:09.527179,ACC-7572,ACC-4707,171.73,CASH_OUT,SG
TRX-0004027,2026-03-09 15:12:09.498668,ACC-5966,ACC-5752,100.51,TRANSFER,US
TRX-0013412,2026-03-05 15:28:09.511913,ACC-9500,ACC-1730,347.58,TRANSFER,US
TRX-0014825,2026-02-17 09:42:09.513612,ACC-6544,ACC-2459,292.49,PAYMENT,US
TRX-0022165,2026-02-19 20:51:09.522600,ACC-5610,ACC-5320,250000.0,TRANSFER,US
TRX-0006592,2026-02-15 18:39:09.502381,ACC-5271,ACC-2994,203713.16,TRANSFER,AE
TRX-0049883,2026-02-21 04:05:09.560793,ACC-6372,ACC-1539,8.91,PAYMENT,FR
TRX-0010081,2026-03-10 14:50:09.507409,ACC-9240,ACC-1381,20.87,CASH_OUT,US
TRX-0016960,2026-03-02 10:40:09.515750,ACC-5750,ACC-6215,13.63,TRANSFER,US
TRX-0006605,2026-02-13 10:00:09.502381,ACC-1106,ACC-3935,11.56,CASH_OUT,US
TRX-0028147,2026-03-06 18:15:09.531161,ACC-1930,ACC-3300,288.51,TRANSFER,US
TRX-0041428,2026-03-01 12:19:09.550436,ACC-5862,ACC-5271,29.67,DEBIT,UK
TRX-0046851,2026-03-12 12:27:09.557769,ACC-1674,ACC-8092,671.14,CASH_OUT,UK
TRX-0007472,2026-03-09 00:41:09.503392,ACC-6848,ACC-3413,250000.0,TRANSFER,UK
TRX-0010790,2026-03-05 15:12:09.508389,ACC-8206,ACC-7932,100.67,TRANSFER,AU
TRX-0012091,2026-02-15 12:41:09.509389,ACC-4452,ACC-2732,20.78,CASH_OUT,AU
TRX-0041862,2026-02-15 02:26:09.550436,ACC-8658,ACC-1908,87.7,TRANSFER,DE
TRX-0002889,2026-02-14 05:44:09.496548,ACC-4870,ACC-1339,263.61,CASH_OUT,DE
TRX-0015453,2026-02-19 12:30:09.514725,ACC-1432,ACC-5769,519.3,CASH_OUT,US
TRX-0021219,2026-02-24 18:27:09.522600,ACC-3927,ACC-5488,179.86,TRANSFER,US
TRX-0022549,2026-03-08 11:20:09.524156,ACC-7394,ACC-4429,268.39,CASH_OUT,US
TRX-0038984,2026-02-15 12:30:09.546413,ACC-2874,ACC-7944,79668.26,TRANSFER,KY
TRX-0014250,2026-02-14 03:08:09.513010,ACC-2121,ACC-5385,4985.48,CASH_IN,US
TRX-0031124,2026-03-04 20:21:09.535819,ACC-8057,ACC-1988,94.09,PAYMENT,UK
TRX-0016925,2026-03-07 21:22:09.515750,ACC-4156,ACC-2999,116.98,CASH_OUT,FR
TRX-0003187,2026-03-07 08:20:09.497558,ACC-3795,ACC-1527,567.11,CASH_OUT,KY
TRX-0015628,2026-02-15 12:17:09.514725,ACC-1308,ACC-5540,8.21,TRANSFER,DE
TRX-0019784,2026-03-05 20:47:09.520608,ACC-7539,ACC-1439,77.52,TRANSFER,UK
TRX-0047002,2026-03-09 13:10:09.557769,ACC-7365,ACC-7657,451.09,CASH_OUT,PA
TRX-0024927,2026-03-12 20:55:09.527179,ACC-6937,ACC-1650,857.07,CASH_OUT,US
TRX-0024838,2026-02-20 17:17:09.527179,ACC-8878,ACC-2594,47.91,TRANSFER,DE
TRX-0026302,2026-03-01 19:12:09.529192,ACC-6411,ACC-5866,4058.93,TRANSFER,DE
TRX-0035647,2026-02-17 02:27:09.542333,ACC-2365,ACC-7556,984.56,CASH_IN,AE
TRX-0049330,2026-02-15 09:27:09.560793,ACC-8383,ACC-5855,202.09,DEBIT,US
TRX-0034144,2026-03-11 10:26:09.540333,ACC-9990,ACC-8069,72.82,TRANSFER,US
TRX-0006407,2026-02-20 22:59:09.500707,ACC-1724,ACC-4289,235.02,CASH_IN,AE
TRX-0029835,2026-03-10 22:56:09.533797,ACC-1618,ACC-2494,9.24,TRANSFER,DE
TRX-0042655,2026-02-27 15:27:09.551436,ACC-6219,ACC-7414,47.19,TRANSFER,CA
TRX-0037095,2026-02-15 09:40:09.544401,ACC-6584,ACC-4276,314.82,CASH_IN,US
TRX-0041548,2026-02-16 11:43:09.550436,ACC-8889,ACC-7083,3546.31,TRANSFER,AU
TRX-0004611,2026-03-03 02:04:09.499675,ACC-7867,ACC-3267,7.17,CASH_IN,UK
TRX-0048866,2026-02-15 09:23:09.559900,ACC-6535,ACC-5053,18.41,CASH_OUT,CA
TRX-0047713,2026-02-24 19:27:09.558769,ACC-7389,ACC-1800,12.42,TRANSFER,US
TRX-0027673,2026-02-13 10:56:09.531161,ACC-2344,ACC-9759,57.14,TRANSFER,AE
TRX-0000266,2026-03-09 07:48:09.493611,ACC-1450,ACC-3031,1717.49,CASH_OUT,US
TRX-0005228,2026-02-15 06:20:09.500193,ACC-1577,ACC-5314,365.15,PAYMENT,DE
TRX-0027211,2026-02-21 01:19:09.530215,ACC-5794,ACC-5197,38.25,PAYMENT,AE
TRX-0032538,2026-03-01 11:25:09.536820,ACC-1852,ACC-2252,775.2,CASH_OUT,US
TRX-0012865,2026-03-07 11:21:09.510408,ACC-1419,ACC-8079,229.77,CASH_IN,US
TRX-0007714,2026-02-11 22:29:09.503392,ACC-4153,ACC-3348,1041.82,CASH_OUT,US
TRX-0019624,2026-02-21 23:12:09.519595,ACC-3539,ACC-9776,216.25,TRANSFER,US
TRX-0036485,2026-03-02 06:42:09.543400,ACC-9350,ACC-5780,101.6,CASH_IN,US
TRX-0040424,2026-02-20 06:02:09.548431,ACC-6221,ACC-8827,1296.44,TRANSFER,US
TRX-0031978,2026-02-24 19:09:09.536820,ACC-1061,ACC-9033,474.7,CASH_IN,CA
TRX-0016431,2026-02-24 22:12:09.515750,ACC-3643,ACC-8239,1360.19,CASH_OUT,AE
TRX-0038697,2026-02-22 00:00:09.546413,ACC-7804,ACC-5346,20.96,TRANSFER,US
TRX-0001302,2026-02-17 00:02:09.494384,ACC-3620,ACC-8412,114.16,CASH_IN,US
TRX-0016714,2026-02-21 07:22:09.515750,ACC-8415,ACC-9419,39.7,CASH_OUT,UK
TRX-0033147,2026-02-13 10:06:09.538324,ACC-9359,ACC-5771,191.51,CASH_OUT,US
TRX-0032220,2026-02-22 14:21:09.536820,ACC-3164,ACC-4520,39.7,TRANSFER,US
TRX-0043434,2026-03-13 17:49:09.552417,ACC-9829,ACC-6717,160.51,PAYMENT,UK
TRX-0018565,2026-02-22 05:03:09.518589,ACC-3621,ACC-1357,81.86,DEBIT,US
TRX-0022022,2026-02-24 21:31:09.522600,ACC-6256,ACC-4299,13.34,CASH_OUT,US
TRX-0020003,2026-03-11 14:33:09.520608,ACC-9063,ACC-9197,354.03,PAYMENT,SG
TRX-0041491,2026-02-25 20:02:09.550436,ACC-1749,ACC-6249,10.23,TRANSFER,US
TRX-0022368,2026-03-11 01:44:09.524156,ACC-3897,ACC-4615,241.07,DEBIT,US
TRX-0011853,2026-03-07 21:16:09.509389,ACC-7017,ACC-4710,286.02,CASH_IN,UK
TRX-0048830,2026-02-17 12:21:09.559900,ACC-8214,ACC-3543,33.28,TRANSFER,US
TRX-0011921,2026-03-09 17:17:09.509389,ACC-5691,ACC-9455,235.94,CASH_OUT,UK
TRX-0026346,2026-03-06 13:18:09.529192,ACC-8253,ACC-8280,116.04,TRANSFER,AE
TRX-0026696,2026-02-27 10:14:09.529192,ACC-3312,ACC-5254,41.11,TRANSFER,UK
TRX-0022347,2026-03-11 07:47:09.524156,ACC-2993,ACC-1629,101.38,CASH_IN,US
TRX-0010668,2026-02-24 06:22:09.507409,ACC-2098,ACC-6881,250000.0,TRANSFER,US
TRX-0044953,2026-03-08 08:31:09.554505,ACC-9906,ACC-4557,243.77,PAYMENT,CA
TRX-0013501,2026-02-25 00:27:09.511913,ACC-8512,ACC-7508,211.62,CASH_OUT,US
TRX-0040706,2026-02-26 08:55:09.549440,ACC-9324,ACC-8730,318.94,TRANSFER,US
TRX-0016692,2026-03-04 16:41:09.515750,ACC-8813,ACC-7305,162.72,CASH_IN,US
TRX-0006289,2026-03-12 22:40:09.500707,ACC-1402,ACC-7302,92.52,CASH_IN,US
TRX-0028357,2026-03-06 22:18:09.532163,ACC-5767,ACC-9260,30.43,CASH_OUT,SG
TRX-0043729,2026-03-02 18:55:09.553496,ACC-8616,ACC-6304,324.73,PAYMENT,US
TRX-0046202,2026-02-16 09:27:09.556664,ACC-4226,ACC-4813,86.4,TRANSFER,FR
TRX-0034894,2026-03-11 18:22:09.541344,ACC-8864,ACC-6396,75.0,TRANSFER,US
TRX-0018346,2026-03-10 01:04:09.518589,ACC-2873,ACC-9887,20.9,CASH_IN,US
TRX-0039742,2026-02-27 11:09:09.547410,ACC-1718,ACC-9037,41.5,DEBIT,US
TRX-0039334,2026-03-10 06:51:09.547410,ACC-2013,ACC-7758,166.62,DEBIT,CA
TRX-0012807,2026-03-13 13:11:09.510408,ACC-2002,ACC-2228,91.69,CASH_OUT,DE
TRX-0001803,2026-02-22 21:34:09.495516,ACC-1968,ACC-2817,15.32,TRANSFER,AE
TRX-0004632,2026-03-09 15:28:09.499675,ACC-9820,ACC-9104,264.96,TRANSFER,UK
TRX-0003899,2026-03-05 19:13:09.498668,ACC-5884,ACC-3967,262.29,CASH_OUT,AU
TRX-0035060,2026-03-09 22:25:09.541344,ACC-1078,ACC-4123,274.69,TRANSFER,US
TRX-0000518,2026-02-14 04:06:09.493611,ACC-8418,ACC-7510,172.26,CASH_OUT,US
TRX-0040595,2026-03-02 15:20:09.548431,ACC-7238,ACC-4167,103.8,CASH_OUT,SG
TRX-0001916,2026-02-27 16:03:09.496022,ACC-5254,ACC-7205,45.53,TRANSFER,US
TRX-0036297,2026-02-26 02:14:09.543400,ACC-4748,ACC-1883,94.85,CASH_OUT,CA
TRX-0044459,2026-02-27 13:17:09.554505,ACC-2832,ACC-9049,736.04,TRANSFER,FR
TRX-0029081,2026-03-11 08:22:09.533161,ACC-1040,ACC-7030,295.42,TRANSFER,UK
TRX-0035178,2026-03-12 21:45:09.541344,ACC-8149,ACC-9885,289.75,TRANSFER,US
TRX-0026913,2026-02-22 18:11:09.530215,ACC-4508,ACC-3598,92.77,TRANSFER,SG
TRX-0015512,2026-03-05 22:25:09.514725,ACC-6940,ACC-4222,90.54,TRANSFER,US
TRX-0009755,2026-02-27 17:35:09.506400,ACC-4992,ACC-2765,713.42,PAYMENT,US
TRX-0007173,2026-03-09 01:15:09.502381,ACC-5190,ACC-5326,367.04,PAYMENT,US
TRX-0020544,2026-02-20 07:34:09.521600,ACC-8602,ACC-5839,556.71,CASH_IN,US
TRX-0048154,2026-02-14 01:07:09.558769,ACC-3546,ACC-5731,200.23,TRANSFER,UK
TRX-0038080,2026-02-16 11:23:09.545421,ACC-8333,ACC-2409,19.51,CASH_IN,US
TRX-0013455,2026-02-15 09:21:09.511913,ACC-3321,ACC-9411,186.2,DEBIT,US
TRX-0041936,2026-02-25 12:17:09.550436,ACC-5661,ACC-7400,48.33,TRANSFER,DE
TRX-0014339,2026-03-05 02:01:09.513010,ACC-4898,ACC-1725,892.68,TRANSFER,US
TRX-0012173,2026-03-13 14:12:09.509389,ACC-1782,ACC-9240,65.75,CASH_OUT,US
TRX-0002891,2026-02-14 16:11:09.496548,ACC-1587,ACC-5059,6.07,TRANSFER,AU
TRX-0044911,2026-03-08 18:58:09.554505,ACC-4812,ACC-8702,489.5,TRANSFER,FR
TRX-0021860,2026-02-19 00:39:09.522600,ACC-1607,ACC-6844,453.55,TRANSFER,US
TRX-0012153,2026-03-08 13:41:09.509389,ACC-3639,ACC-9687,27.49,CASH_IN,US
TRX-0008891,2026-02-17 11:04:09.505409,ACC-9040,ACC-6964,329.08,PAYMENT,SG
TRX-0041782,2026-03-10 15:42:09.550436,ACC-4150,ACC-9327,627.38,TRANSFER,CA
TRX-0016756,2026-03-04 05:08:09.515750,ACC-9810,ACC-8298,758.69,TRANSFER,US
TRX-0034348,2026-02-28 04:51:09.540333,ACC-3534,ACC-9790,440.2,PAYMENT,US
TRX-0018852,2026-03-02 10:44:09.518589,ACC-8289,ACC-6487,24.37,CASH_IN,SG
TRX-0013521,2026-02-24 10:29:09.511913,ACC-9349,ACC-7562,39.96,PAYMENT,US
TRX-0044164,2026-02-12 14:25:09.553496,ACC-9378,ACC-9440,386.07,TRANSFER,US
TRX-0042845,2026-03-06 18:17:09.552417,ACC-6022,ACC-1466,265.26,TRANSFER,PA
TRX-0049764,2026-03-06 09:26:09.560793,ACC-6186,ACC-3282,353.68,TRANSFER,DE
TRX-0049294,2026-03-08 23:37:09.560793,ACC-9762,ACC-3076,75.51,CASH_OUT,UK
TRX-0038898,2026-02-24 04:57:09.546413,ACC-1974,ACC-8146,736.35,CASH_IN,UK
TRX-0010448,2026-02-20 16:19:09.507409,ACC-3050,ACC-4577,89.08,CASH_IN,DE
TRX-0004793,2026-02-27 13:14:09.499675,ACC-7087,ACC-3521,220.61,TRANSFER,US
TRX-0042010,2026-02-15 19:41:09.550436,ACC-3007,ACC-5536,127.62,TRANSFER,US
TRX-0035367,2026-02-17 07:10:09.541344,ACC-4290,ACC-4915,65.69,CASH_OUT,CA
TRX-0047042,2026-03-12 19:33:09.557769,ACC-6231,ACC-5196,95.26,CASH_IN,DE
TRX-0030962,2026-02-15 00:25:09.535819,ACC-2159,ACC-4638,645.09,TRANSFER,US
TRX-0000882,2026-02-15 21:39:09.494384,ACC-4690,ACC-5333,9738.1,CASH_IN,CA
TRX-0048037,2026-02-26 01:33:09.558769,ACC-3708,ACC-1304,420.87,CASH_OUT,US
TRX-0048671,2026-03-03 06:05:09.559900,ACC-6687,ACC-6224,40.35,TRANSFER,DE
TRX-0019207,2026-03-05 14:22:09.519595,ACC-7284,ACC-5990,84.53,TRANSFER,UK
TRX-0040629,2026-02-18 05:51:09.548431,ACC-3063,ACC-9437,244.65,CASH_IN,DE
TRX-0040236,2026-02-19 04:47:09.548431,ACC-3672,ACC-3611,22.81,CASH_IN,US
TRX-0019752,2026-03-12 19:30:09.520608,ACC-2182,ACC-8042,160.54,TRANSFER,UK
TRX-0022750,2026-03-09 09:56:09.524156,ACC-5094,ACC-3158,91.23,TRANSFER,AU
TRX-0033090,2026-03-01 04:32:09.538324,ACC-2349,ACC-5857,597.79,CASH_OUT,UK
TRX-0010088,2026-03-10 14:18:09.507409,ACC-8075,ACC-1665,471.1,TRANSFER,UK
TRX-0022763,2026-02-20 09:44:09.524156,ACC-1901,ACC-6305,2868.54,CASH_OUT,CA
TRX-0023714,2026-03-06 17:16:09.525160,ACC-8635,ACC-1673,6.8,TRANSFER,US
TRX-0026184,2026-02-14 19:49:09.529192,ACC-9034,ACC-8151,198.36,TRANSFER,DE
TRX-0021661,2026-02-26 05:01:09.522600,ACC-7135,ACC-6627,153.66,CASH_IN,SG
TRX-0033538,2026-03-13 01:54:09.539336,ACC-4273,ACC-5741,719.3,CASH_IN,AU
TRX-0014049,2026-02-22 11:25:09.511913,ACC-4435,ACC-4068,35.14,TRANSFER,US
TRX-0010894,2026-02-12 10:40:09.508389,ACC-7792,ACC-5870,89.65,TRANSFER,US
TRX-0030196,2026-02-18 13:45:09.534802,ACC-6791,ACC-8413,23.61,CASH_OUT,UK
TRX-0010936,2026-03-02 02:17:09.508389,ACC-3839,ACC-4701,415.82,PAYMENT,FR
TRX-0025304,2026-03-11 01:17:09.527179,ACC-9188,ACC-5667,18.03,TRANSFER,DE
TRX-0017142,2026-03-12 17:04:09.516892,ACC-9561,ACC-2708,77055.99,CASH_OUT,US
TRX-0009236,2026-03-09 13:59:09.505409,ACC-6931,ACC-1341,331.82,DEBIT,FR
TRX-0044755,2026-02-21 04:55:09.554505,ACC-1715,ACC-1595,2647.53,TRANSFER,US
TRX-0013757,2026-02-12 21:42:09.511913,ACC-1954,ACC-9169,15.95,TRANSFER,DE
TRX-0000324,2026-02-11 20:43:09.493611,ACC-6272,ACC-5309,32.82,TRANSFER,UK
TRX-0046431,2026-03-01 12:33:09.556664,ACC-6460,ACC-7289,9974.3,CASH_IN,UK
TRX-0010338,2026-02-13 17:31:09.507409,ACC-2642,ACC-2691,67.25,PAYMENT,US
TRX-0024882,2026-03-10 01:16:09.527179,ACC-8237,ACC-6803,1877.09,CASH_OUT,PA
TRX-0036359,2026-02-13 04:30:09.543400,ACC-1594,ACC-1911,171.74,TRANSFER,US
TRX-0009872,2026-03-02 15:38:09.506400,ACC-7804,ACC-2085,91.85,CASH_OUT,UK
TRX-0033348,2026-03-09 07:24:09.539336,ACC-8383,ACC-5276,2794.35,CASH_IN,US
TRX-0021269,2026-03-09 18:09:09.522600,ACC-8360,ACC-6006,639.81,TRANSFER,US
TRX-0034138,2026-03-10 22:25:09.540333,ACC-1069,ACC-3929,833.52,TRANSFER,US
TRX-0027758,2026-03-11 22:42:09.531161,ACC-9228,ACC-6256,250000.0,TRANSFER,DE
TRX-0002606,2026-03-13 01:39:09.496548,ACC-4564,ACC-6996,59.91,CASH_OUT,CA
TRX-0013652,2026-03-05 17:43:09.511913,ACC-9413,ACC-2271,1112.58,CASH_IN,UK
TRX-0031902,2026-02-18 01:18:09.536820,ACC-3213,ACC-2012,41.47,CASH_OUT,US
TRX-0016416,2026-02-16 10:31:09.515750,ACC-3144,ACC-2902,8.49,TRANSFER,US
TRX-0034919,2026-02-16 01:30:09.541344,ACC-9702,ACC-6746,100.1,TRANSFER,AE
TRX-0047032,2026-02-15 14:44:09.557769,ACC-8504,ACC-7251,1715.05,CASH_IN,US
TRX-0016382,2026-03-04 04:54:09.515750,ACC-5646,ACC-7859,38.71,TRANSFER,US
TRX-0016198,2026-02-19 10:42:09.514725,ACC-9435,ACC-3722,99387.49,TRANSFER,KY
TRX-0044122,2026-02-15 21:22:09.553496,ACC-4450,ACC-5782,285611.58,TRANSFER,KY
TRX-0009758,2026-02-28 12:49:09.506400,ACC-1106,ACC-9217,122.73,CASH_IN,SG
TRX-0024334,2026-03-06 09:14:09.526455,ACC-5184,ACC-8901,76.56,CASH_OUT,AE
TRX-0016100,2026-03-07 11:27:09.514725,ACC-7222,ACC-4570,91.46,PAYMENT,DE
TRX-0016515,2026-02-13 14:46:09.515750,ACC-9335,ACC-4411,409.18,PAYMENT,US
TRX-0032000,2026-02-12 17:56:09.536820,ACC-1060,ACC-2914,34927.46,CASH_OUT,US
TRX-0008188,2026-02-17 02:15:09.504391,ACC-2397,ACC-2855,413.03,CASH_OUT,US
TRX-0000070,2026-03-06 09:05:09.492887,ACC-6880,ACC-2286,255.21,CASH_OUT,KY
TRX-0004356,2026-02-19 14:10:09.498668,ACC-5880,ACC-8269,208.63,TRANSFER,US
TRX-0049166,2026-02-25 18:44:09.560793,ACC-6621,ACC-7199,79.89,CASH_IN,US
TRX-0044512,2026-02-21 06:16:09.554505,ACC-8829,ACC-4770,172.8,DEBIT,US
TRX-0000050,2026-03-10 04:40:09.492887,ACC-1568,ACC-6248,241.32,TRANSFER,US
TRX-0043238,2026-02-14 05:55:09.552417,ACC-1157,ACC-1298,87.6,CASH_IN,UK
TRX-0026276,2026-02-12 01:49:09.529192,ACC-5575,ACC-4728,776.17,TRANSFER,AU
TRX-0015841,2026-02-15 14:00:09.514725,ACC-1925,ACC-5113,41.27,PAYMENT,KY
TRX-0020226,2026-03-01 12:34:09.520608,ACC-8833,ACC-1068,52.88,CASH_IN,US
TRX-0042920,2026-02-24 04:33:09.552417,ACC-5560,ACC-6211,244.6,CASH_IN,FR
TRX-0012212,2026-02-15 12:35:09.509389,ACC-3072,ACC-9112,5.8,CASH_OUT,DE
TRX-0034006,2026-03-02 22:25:09.539336,ACC-7863,ACC-2954,16.07,TRANSFER,KY
TRX-0036873,2026-02-19 14:29:09.543400,ACC-7608,ACC-1645,49.24,TRANSFER,US
TRX-0012207,2026-03-09 05:59:09.509389,ACC-6579,ACC-6064,83821.58,CASH_OUT,US
TRX-0025834,2026-03-07 03:44:09.528179,ACC-7627,ACC-2088,206.98,TRANSFER,US
TRX-0034811,2026-02-11 22:07:09.541344,ACC-7829,ACC-1156,89.91,DEBIT,US
TRX-0003724,2026-02-16 11:30:09.497558,ACC-6971,ACC-7821,58.38,CASH_OUT,AE
TRX-0028750,2026-02-18 02:07:09.532163,ACC-6014,ACC-6740,42.65,TRANSFER,US
TRX-0003312,2026-02-22 22:18:09.497558,ACC-8068,ACC-9951,3391.65,TRANSFER,US
TRX-0023303,2026-02-26 04:57:09.525160,ACC-5065,ACC-1500,93.46,TRANSFER,CA
TRX-0036825,2026-03-03 20:43:09.543400,ACC-3943,ACC-9041,69.85,CASH_IN,CA
TRX-0045043,2026-02-19 21:48:09.554505,ACC-7002,ACC-5171,227.42,TRANSFER,FR
TRX-0030865,2026-03-02 18:25:09.535819,ACC-3649,ACC-8970,81.46,CASH_IN,US
TRX-0026492,2026-02-25 22:34:09.529192,ACC-1214,ACC-9171,7819.42,CASH_OUT,CA
TRX-0018270,2026-02-18 02:43:09.517901,ACC-8415,ACC-2907,109.15,TRANSFER,AU
TRX-0028867,2026-02-15 16:39:09.532163,ACC-3676,ACC-8097,230.19,CASH_IN,AE
TRX-0000294,2026-03-11 02:52:09.493611,ACC-6263,ACC-1671,253.54,CASH_IN,US
TRX-0028067,2026-03-08 16:17:09.531161,ACC-5976,ACC-5742,451.88,CASH_IN,US
TRX-0049587,2026-02-28 10:53:09.560793,ACC-7187,ACC-9747,432.4,PAYMENT,US
TRX-0038357,2026-02-18 06:42:09.545421,ACC-7468,ACC-8359,13250.68,CASH_IN,US
TRX-0028954,2026-03-06 17:47:09.532163,ACC-4966,ACC-5243,43.45,CASH_OUT,UK
TRX-0039958,2026-02-18 20:51:09.548431,ACC-1582,ACC-1656,617.24,TRANSFER,US
TRX-0030279,2026-02-28 04:20:09.534802,ACC-4127,ACC-6849,187.94,CASH_OUT,US
TRX-0041162,2026-02-24 18:10:09.549440,ACC-4746,ACC-9694,78.44,CASH_OUT,UK
TRX-0042773,2026-03-04 05:23:09.551436,ACC-3171,ACC-2678,152.94,TRANSFER,UK
TRX-0008799,2026-02-25 10:34:09.505409,ACC-1518,ACC-7937,881.45,CASH_IN,AU
TRX-0035655,2026-02-16 14:22:09.542333,ACC-2332,ACC-4158,108.34,TRANSFER,US
TRX-0006704,2026-03-09 19:56:09.502381,ACC-8624,ACC-6988,102.1,TRANSFER,AU
TRX-0036494,2026-02-20 15:36:09.543400,ACC-6093,ACC-6711,85.28,TRANSFER,CA
TRX-0006991,2026-02-21 02:25:09.502381,ACC-5958,ACC-6977,628.61,CASH_IN,CA
TRX-0028800,2026-03-06 02:54:09.532163,ACC-3270,ACC-9823,24.24,CASH_IN,US
TRX-0008675,2026-02-28 23:49:09.505409,ACC-3150,ACC-7477,574.29,TRANSFER,UK
TRX-0045070,2026-02-13 15:51:09.554505,ACC-2604,ACC-3300,89.43,TRANSFER,PA
TRX-0013327,2026-02-12 04:52:09.510408,ACC-9765,ACC-3217,1010.61,PAYMENT,DE
TRX-0041035,2026-03-06 20:04:09.549440,ACC-9629,ACC-5947,86.13,DEBIT,CA
TRX-0022250,2026-02-25 18:29:09.522600,ACC-5707,ACC-9673,200.92,PAYMENT,DE
TRX-0035965,2026-02-27 14:55:09.542333,ACC-2581,ACC-7441,9.14,TRANSFER,DE
TRX-0005673,2026-02-16 19:42:09.500707,ACC-3559,ACC-2008,10265.01,TRANSFER,SG
TRX-0000858,2026-02-15 12:29:09.494384,ACC-6970,ACC-1781,64.82,TRANSFER,UK
TRX-0029971,2026-03-11 14:26:09.533797,ACC-4472,ACC-6449,281.86,CASH_IN,US
TRX-0021703,2026-03-07 09:53:09.522600,ACC-1639,ACC-7232,2030.94,CASH_IN,US
TRX-0023138,2026-02-21 15:12:09.525160,ACC-8010,ACC-7945,149.88,TRANSFER,US
TRX-0038165,2026-03-04 06:30:09.545421,ACC-8023,ACC-1616,428.46,CASH_OUT,US
TRX-0044700,2026-02-14 06:50:09.554505,ACC-1084,ACC-5881,609.03,TRANSFER,UK
TRX-0039239,2026-02-15 06:08:09.547410,ACC-1172,ACC-5517,195.44,TRANSFER,UK
TRX-0016232,2026-02-19 11:01:09.515750,ACC-7348,ACC-1962,664.52,TRANSFER,FR
TRX-0018184,2026-02-13 01:53:09.517901,ACC-6975,ACC-8100,98.69,DEBIT,US
TRX-0005952,2026-02-19 03:17:09.500707,ACC-6661,ACC-8185,50.66,PAYMENT,DE
TRX-0033146,2026-03-02 18:27:09.538324,ACC-4517,ACC-1072,54.59,TRANSFER,US
TRX-0024269,2026-02-23 07:13:09.526455,ACC-5940,ACC-7842,186.31,DEBIT,US
TRX-0022768,2026-03-06 12:56:09.524156,ACC-8520,ACC-6851,38.84,CASH_OUT,US
TRX-0008930,2026-03-09 20:42:09.505409,ACC-7056,ACC-8161,85.67,CASH_IN,US
TRX-0036397,2026-02-16 23:42:09.543400,ACC-2432,ACC-6128,92.26,CASH_IN,US
TRX-0043868,2026-03-01 00:53:09.553496,ACC-8022,ACC-5553,79.73,CASH_OUT,US
TRX-0013395,2026-02-26 10:04:09.511913,ACC-9896,ACC-7890,105.4,CASH_OUT,UK
TRX-0017915,2026-03-12 17:35:09.517901,ACC-6274,ACC-9125,582.91,CASH_IN,AE
TRX-0047361,2026-02-16 01:24:09.557769,ACC-2021,ACC-8383,144.49,TRANSFER,UK
TRX-0021708,2026-02-17 07:54:09.522600,ACC-3832,ACC-8962,17.83,TRANSFER,FR
TRX-0033863,2026-02-27 19:37:09.539336,ACC-9877,ACC-7183,13.4,CASH_IN,UK
TRX-0023500,2026-02-28 03:23:09.525160,ACC-7409,ACC-9771,153.1,TRANSFER,UK
TRX-0031123,2026-02-25 04:35:09.535819,ACC-9357,ACC-2350,999.46,TRANSFER,KY
TRX-0041309,2026-03-11 04:00:09.549440,ACC-6895,ACC-7348,305.66,TRANSFER,FR
TRX-0037063,2026-03-11 07:36:09.544401,ACC-9981,ACC-9509,9669.97,CASH_IN,CA
TRX-0035252,2026-03-01 08:08:09.541344,ACC-4026,ACC-6556,321.79,CASH_IN,US
TRX-0035476,2026-03-11 17:07:09.542333,ACC-7392,ACC-2317,273.49,CASH_OUT,UK
TRX-0040349,2026-02-18 06:33:09.548431,ACC-1658,ACC-6876,49.96,PAYMENT,US
TRX-0020198,2026-02-24 06:48:09.520608,ACC-1555,ACC-4926,4.4,TRANSFER,US
TRX-0036492,2026-03-01 18:29:09.543400,ACC-8871,ACC-7613,850.79,TRANSFER,UK
TRX-0006469,2026-02-14 21:58:09.500707,ACC-6880,ACC-6228,54.86,CASH_OUT,US
TRX-0039595,2026-02-12 04:16:09.547410,ACC-1965,ACC-8706,42.6,TRANSFER,UK
TRX-0039936,2026-03-03 17:09:09.548431,ACC-8461,ACC-4187,24.22,CASH_OUT,UK
TRX-0007395,2026-02-15 07:03:09.503392,ACC-4014,ACC-2408,9.45,CASH_OUT,PA
TRX-0015613,2026-03-13 03:06:09.514725,ACC-5889,ACC-9227,281.96,CASH_OUT,DE
TRX-0016833,2026-02-25 11:35:09.515750,ACC-6053,ACC-7013,44.48,PAYMENT,CA
TRX-0019887,2026-03-01 01:44:09.520608,ACC-9867,ACC-3593,25.22,CASH_IN,US
TRX-0006422,2026-03-12 00:41:09.500707,ACC-3142,ACC-4088,1047.21,TRANSFER,UK
TRX-0042859,2026-02-27 15:06:09.552417,ACC-4609,ACC-8866,85.49,TRANSFER,US
TRX-0046078,2026-02-17 12:55:09.556664,ACC-8199,ACC-2289,26.32,CASH_OUT,US
TRX-0016436,2026-03-13 12:18:09.515750,ACC-6985,ACC-5062,404.58,CASH_OUT,CA
TRX-0044602,2026-03-03 04:35:09.554505,ACC-6664,ACC-7785,216.91,CASH_OUT,US
TRX-0039282,2026-02-27 09:58:09.547410,ACC-4892,ACC-4632,18.98,CASH_OUT,US
TRX-0032904,2026-02-18 20:33:09.538324,ACC-2793,ACC-5474,4232.65,PAYMENT,US
TRX-0004839,2026-02-28 01:48:09.499675,ACC-9865,ACC-7704,55.67,CASH_IN,UK
TRX-0004754,2026-02-22 18:45:09.499675,ACC-4370,ACC-2640,66.54,CASH_OUT,DE
TRX-0039933,2026-03-13 11:47:09.547410,ACC-6199,ACC-7967,33.82,PAYMENT,FR
TRX-0043507,2026-02-24 17:31:09.552417,ACC-5206,ACC-7460,26.84,CASH_OUT,US
TRX-0013825,2026-02-27 06:25:09.511913,ACC-4120,ACC-6049,1053.56,PAYMENT,SG
TRX-0042083,2026-03-08 14:34:09.550436,ACC-2547,ACC-4523,91.59,DEBIT,AE
TRX-0043206,2026-02-14 15:31:09.552417,ACC-5521,ACC-7627,188.32,TRANSFER,US
TRX-0011807,2026-03-04 22:03:09.509389,ACC-7223,ACC-8737,204.91,TRANSFER,PA
TRX-0026205,2026-02-28 11:01:09.529192,ACC-1753,ACC-7331,928.73,TRANSFER,CA
TRX-0026715,2026-02-15 07:10:09.529192,ACC-5944,ACC-9033,2042.77,TRANSFER,DE
TRX-0047071,2026-02-22 11:15:09.557769,ACC-3325,ACC-5455,467.79,TRANSFER,CA
TRX-0026591,2026-03-04 07:23:09.529192,ACC-8501,ACC-8087,39.33,TRANSFER,UK
TRX-0046832,2026-02-16 10:46:09.557769,ACC-2726,ACC-6284,200.1,PAYMENT,AE
TRX-0049597,2026-02-21 08:27:09.560793,ACC-2786,ACC-2954,46.12,TRANSFER,FR
TRX-0048860,2026-02-28 18:04:09.559900,ACC-1720,ACC-2559,24.49,CASH_IN,UK
TRX-0017925,2026-02-19 01:40:09.517901,ACC-5117,ACC-8112,112.31,CASH_OUT,US
TRX-0015324,2026-02-23 17:52:09.513612,ACC-4046,ACC-8308,73.86,CASH_OUT,SG
TRX-0025669,2026-02-20 12:02:09.528179,ACC-2629,ACC-3743,1274.01,TRANSFER,DE
TRX-0035780,2026-02-24 04:42:09.542333,ACC-9792,ACC-8501,124.02,TRANSFER,DE
TRX-0048457,2026-03-06 07:47:09.559900,ACC-2392,ACC-9098,231.01,CASH_IN,US
TRX-0001645,2026-03-10 06:56:09.495516,ACC-6764,ACC-7395,282.16,TRANSFER,CA
TRX-0024483,2026-03-12 23:52:09.526455,ACC-7737,ACC-3964,80.11,TRANSFER,AE
TRX-0026251,2026-03-05 12:58:09.529192,ACC-3027,ACC-5319,86.28,TRANSFER,US
TRX-0003401,2026-02-24 08:20:09.497558,ACC-8103,ACC-6838,348.85,CASH_IN,CA
TRX-0027872,2026-02-17 11:17:09.531161,ACC-7541,ACC-8502,171.0,TRANSFER,US
TRX-0016889,2026-03-03 09:59:09.515750,ACC-8985,ACC-1095,613.89,CASH_IN,SG
TRX-0041876,2026-02-19 01:10:09.550436,ACC-7165,ACC-6759,50.46,CASH_IN,UK
TRX-0033981,2026-02-25 20:58:09.539336,ACC-4781,ACC-4042,11.03,TRANSFER,AU
TRX-0000209,2026-02-16 13:43:09.493611,ACC-3232,ACC-7971,48006.77,TRANSFER,US
TRX-0004832,2026-03-11 23:07:09.499675,ACC-9858,ACC-6133,358.45,CASH_IN,UK
TRX-0009119,2026-02-21 15:20:09.505409,ACC-2332,ACC-4103,1171.46,CASH_OUT,US
TRX-0035964,2026-03-11 06:14:09.542333,ACC-7851,ACC-6473,72.23,TRANSFER,DE
TRX-0041401,2026-03-04 12:55:09.550436,ACC-9370,ACC-6278,441.89,CASH_OUT,AE
TRX-0038219,2026-02-16 07:41:09.545421,ACC-9117,ACC-2634,304.51,CASH_IN,FR
TRX-0010103,2026-02-20 00:22:09.507409,ACC-7767,ACC-3685,54.04,TRANSFER,US
TRX-0000974,2026-03-06 11:05:09.494384,ACC-8736,ACC-7662,76.0,TRANSFER,SG
TRX-0001017,2026-02-27 15:19:09.494384,ACC-1764,ACC-3807,71.82,TRANSFER,US
TRX-0029053,2026-02-19 18:45:09.533161,ACC-7180,ACC-5885,135.09,CASH_IN,AU
TRX-0009733,2026-02-22 14:53:09.506400,ACC-8250,ACC-7400,22.93,CASH_IN,UK
TRX-0014207,2026-03-12 15:07:09.513010,ACC-7624,ACC-8459,122.67,CASH_IN,CA
TRX-0007442,2026-03-09 10:14:09.503392,ACC-9105,ACC-5223,170.16,DEBIT,US
TRX-0027907,2026-02-14 05:47:09.531161,ACC-1298,ACC-2846,40.79,DEBIT,US
TRX-0021318,2026-02-21 13:50:09.522600,ACC-3079,ACC-7810,127.58,TRANSFER,US
TRX-0005650,2026-02-12 10:37:09.500707,ACC-6478,ACC-1104,113.96,TRANSFER,US
TRX-0018267,2026-02-17 19:26:09.517901,ACC-6036,ACC-1020,508.99,TRANSFER,US
TRX-0040738,2026-02-18 15:32:09.549440,ACC-7585,ACC-7231,59.77,CASH_OUT,PA
TRX-0008568,2026-03-03 08:56:09.504391,ACC-4100,ACC-8874,289.67,PAYMENT,UK
TRX-0021228,2026-03-11 15:36:09.522600,ACC-6883,ACC-8054,25.36,CASH_OUT,UK
TRX-0010042,2026-02-26 22:35:09.506400,ACC-1498,ACC-3292,100.6,PAYMENT,US
TRX-0010897,2026-02-15 18:36:09.508389,ACC-9375,ACC-4885,52.9,TRANSFER,DE
TRX-0008719,2026-03-04 12:13:09.505409,ACC-6695,ACC-2295,44.66,DEBIT,US
TRX-0019283,2026-02-12 09:34:09.519595,ACC-9762,ACC-4427,92.97,CASH_IN,US
TRX-0008090,2026-02-25 08:10:09.504391,ACC-2697,ACC-8252,30.7,PAYMENT,SG
TRX-0024298,2026-02-18 21:09:09.526455,ACC-7345,ACC-7113,46554.4,CASH_OUT,US
TRX-0046297,2026-03-05 07:54:09.556664,ACC-1379,ACC-1994,48.81,PAYMENT,DE
TRX-0017349,2026-02-20 12:07:09.516892,ACC-9601,ACC-3687,134.74,CASH_IN,PA
TRX-0002991,2026-02-26 18:48:09.496548,ACC-7365,ACC-4348,366.2,TRANSFER,US
TRX-0022821,2026-02-23 23:06:09.524156,ACC-9307,ACC-6673,206.36,CASH_IN,US
TRX-0040730,2026-02-14 16:07:09.549440,ACC-1476,ACC-5366,9576.76,CASH_IN,FR
TRX-0036704,2026-02-17 03:49:09.543400,ACC-3019,ACC-9807,89.27,CASH_IN,US
TRX-0029723,2026-03-13 14:18:09.533797,ACC-5286,ACC-2127,169.17,TRANSFER,US
TRX-0002594,2026-02-24 12:28:09.496548,ACC-6690,ACC-1397,529.88,CASH_OUT,CA
TRX-0033177,2026-03-01 21:30:09.538324,ACC-7095,ACC-3033,86.38,TRANSFER,US
TRX-0047062,2026-03-12 08:07:09.557769,ACC-9929,ACC-5160,22.22,CASH_IN,US
TRX-0011323,2026-02-12 11:28:09.508389,ACC-6043,ACC-3817,1645.09,TRANSFER,UK
TRX-0002253,2026-02-26 14:58:09.496548,ACC-7147,ACC-2964,145.75,TRANSFER,CA
TRX-0015834,2026-02-24 08:51:09.514725,ACC-8783,ACC-2557,79.37,TRANSFER,US
TRX-0013341,2026-02-14 00:44:09.510408,ACC-6209,ACC-9734,50.03,CASH_OUT,UK
TRX-0019706,2026-02-18 16:32:09.519595,ACC-2175,ACC-2392,165.77,CASH_IN,KY
TRX-0004279,2026-02-14 11:21:09.498668,ACC-4400,ACC-1286,256.2,CASH_OUT,FR
TRX-0015688,2026-02-17 15:14:09.514725,ACC-5271,ACC-8111,242.23,TRANSFER,DE
TRX-0025738,2026-03-12 10:40:09.528179,ACC-6425,ACC-9492,279.17,PAYMENT,US
TRX-0021216,2026-02-15 18:58:09.522600,ACC-9212,ACC-4158,1290.09,PAYMENT,US
TRX-0024934,2026-03-13 07:21:09.527179,ACC-6554,ACC-7358,479.52,TRANSFER,US
TRX-0023054,2026-02-22 05:06:09.525160,ACC-2106,ACC-3261,64.01,CASH_OUT,US
TRX-0032038,2026-03-05 22:18:09.536820,ACC-1824,ACC-8803,4029.45,CASH_IN,UK
TRX-0001452,2026-02-19 20:04:09.494384,ACC-9120,ACC-4592,212.97,PAYMENT,CA
TRX-0013657,2026-03-03 05:03:09.511913,ACC-4151,ACC-4131,831.74,PAYMENT,US
TRX-0000345,2026-03-09 05:32:09.493611,ACC-1157,ACC-5869,210.2,TRANSFER,US
TRX-0042146,2026-03-11 10:09:09.551436,ACC-1864,ACC-5008,148.07,TRANSFER,US
TRX-0048494,2026-02-18 18:06:09.559900,ACC-6515,ACC-5092,14739.54,PAYMENT,DE
TRX-0001592,2026-02-12 23:05:09.495516,ACC-6245,ACC-1821,285.67,TRANSFER,SG
TRX-0006205,2026-02-13 17:40:09.500707,ACC-9550,ACC-2309,1592.68,PAYMENT,UK
TRX-0042453,2026-03-10 18:17:09.551436,ACC-2621,ACC-7792,84804.9,CASH_OUT,AE
TRX-0006051,2026-02-23 00:21:09.500707,ACC-6831,ACC-3853,685.44,PAYMENT,DE
TRX-0003817,2026-02-20 07:32:09.497558,ACC-8289,ACC-4809,123.27,TRANSFER,CA
TRX-0004430,2026-03-08 04:13:09.498668,ACC-9040,ACC-2434,10.26,PAYMENT,CA
TRX-0013195,2026-02-26 18:43:09.510408,ACC-8107,ACC-8707,16.06,TRANSFER,SG
TRX-0027639,2026-02-12 20:32:09.531161,ACC-5162,ACC-8897,407.99,CASH_IN,AE
TRX-0005989,2026-03-10 13:20:09.500707,ACC-7911,ACC-8872,82.19,TRANSFER,US
TRX-0023509,2026-02-15 20:14:09.525160,ACC-4400,ACC-6018,342.64,TRANSFER,AU
TRX-0011615,2026-02-19 09:33:09.509389,ACC-7305,ACC-2576,155.61,TRANSFER,SG
TRX-0034318,2026-03-06 09:58:09.540333,ACC-9653,ACC-8005,30.09,PAYMENT,DE
TRX-0040482,2026-02-15 10:34:09.548431,ACC-5273,ACC-6944,853.15,CASH_OUT,US
TRX-0016196,2026-03-07 08:19:09.514725,ACC-1472,ACC-2043,108.6,CASH_IN,DE
TRX-0020481,2026-02-18 02:58:09.521600,ACC-9166,ACC-1179,43.64,TRANSFER,SG
TRX-0013392,2026-03-02 09:45:09.511913,ACC-6196,ACC-4918,293.39,CASH_OUT,UK
TRX-0021922,2026-03-01 04:53:09.522600,ACC-1463,ACC-6608,45.86,CASH_OUT,AU
TRX-0028931,2026-02-17 21:10:09.532163,ACC-2951,ACC-6290,176.75,TRANSFER,FR
TRX-0046834,2026-02-11 22:55:09.557769,ACC-1030,ACC-9351,259.14,PAYMENT,DE
TRX-0015141,2026-02-18 16:39:09.513612,ACC-2103,ACC-1162,32.7,DEBIT,DE
TRX-0026740,2026-03-02 04:54:09.529192,ACC-2817,ACC-9270,495.68,PAYMENT,US
TRX-0003338,2026-03-01 13:26:09.497558,ACC-5706,ACC-6089,315.51,DEBIT,DE
TRX-0001956,2026-02-28 07:49:09.496022,ACC-1329,ACC-5980,6.03,CASH_IN,CA
